p_name, s_name, mediana
tsiligirides_problem_2_budget_15.txt, greedy, 115
tsiligirides_problem_2_budget_15.txt, lazy, 120
tsiligirides_problem_2_budget_15.txt, smart, 80
tsiligirides_problem_2_budget_15.txt, wise, 80
tsiligirides_problem_2_budget_15.txt, envy, 75
tsiligirides_problem_2_budget_15.txt, random, 70
tsiligirides_problem_2_budget_25.txt, greedy, 150
tsiligirides_problem_2_budget_25.txt, lazy, 200
tsiligirides_problem_2_budget_25.txt, smart, 85
tsiligirides_problem_2_budget_25.txt, wise, 85
tsiligirides_problem_2_budget_25.txt, envy, 95
tsiligirides_problem_2_budget_25.txt, random, 110
tsiligirides_problem_2_budget_32.txt, greedy, 170
tsiligirides_problem_2_budget_32.txt, lazy, 230
tsiligirides_problem_2_budget_32.txt, smart, 145
tsiligirides_problem_2_budget_32.txt, wise, 85
tsiligirides_problem_2_budget_32.txt, envy, 145
tsiligirides_problem_2_budget_32.txt, random, 145
set_66_1_010.txt, greedy, 40
set_66_1_010.txt, lazy, 20
set_66_1_010.txt, smart, 20
set_66_1_010.txt, wise, 25
set_66_1_010.txt, envy, 20
set_66_1_010.txt, random, 40
tsiligirides_problem_2_budget_40.txt, greedy, 250
tsiligirides_problem_2_budget_40.txt, lazy, 290
tsiligirides_problem_2_budget_40.txt, smart, 145
tsiligirides_problem_2_budget_40.txt, wise, 120
tsiligirides_problem_2_budget_40.txt, envy, 145
tsiligirides_problem_2_budget_40.txt, random, 155
set_66_1_020.txt, greedy, 170
set_66_1_020.txt, lazy, 95
set_66_1_020.txt, smart, 50
set_66_1_020.txt, wise, 80
set_66_1_020.txt, envy, 50
set_66_1_020.txt, random, 90
tsiligirides_problem_1_budget_55.txt, greedy, 130
tsiligirides_problem_1_budget_55.txt, lazy, 175
tsiligirides_problem_1_budget_55.txt, smart, 40
tsiligirides_problem_1_budget_55.txt, wise, 70
tsiligirides_problem_1_budget_55.txt, envy, 50
tsiligirides_problem_1_budget_55.txt, random, 85
tsiligirides_problem_1_budget_46.txt, greedy, 125
tsiligirides_problem_1_budget_46.txt, lazy, 130
tsiligirides_problem_1_budget_46.txt, smart, 45
tsiligirides_problem_1_budget_46.txt, wise, 45
tsiligirides_problem_1_budget_46.txt, envy, 40
tsiligirides_problem_1_budget_46.txt, random, 95
tsiligirides_problem_1_budget_65.txt, greedy, 140
tsiligirides_problem_1_budget_65.txt, lazy, 195
tsiligirides_problem_1_budget_65.txt, smart, 60
tsiligirides_problem_1_budget_65.txt, wise, 70
tsiligirides_problem_1_budget_65.txt, envy, 50
tsiligirides_problem_1_budget_65.txt, random, 110
tsiligirides_problem_1_budget_05.txt, greedy, 10
tsiligirides_problem_1_budget_05.txt, lazy, 10
tsiligirides_problem_1_budget_05.txt, smart, 5
tsiligirides_problem_1_budget_05.txt, wise, 5
tsiligirides_problem_1_budget_05.txt, envy, 5
tsiligirides_problem_1_budget_05.txt, random, 5
tsiligirides_problem_2_budget_35.txt, greedy, 250
tsiligirides_problem_2_budget_35.txt, lazy, 260
tsiligirides_problem_2_budget_35.txt, smart, 135
tsiligirides_problem_2_budget_35.txt, wise, 135
tsiligirides_problem_2_budget_35.txt, envy, 165
tsiligirides_problem_2_budget_35.txt, random, 135
tsiligirides_problem_3_budget_085.txt, greedy, 570
tsiligirides_problem_3_budget_085.txt, lazy, 670
tsiligirides_problem_3_budget_085.txt, smart, 200
tsiligirides_problem_3_budget_085.txt, wise, 180
tsiligirides_problem_3_budget_085.txt, envy, 200
tsiligirides_problem_3_budget_085.txt, random, 430
tsiligirides_problem_1_budget_73.txt, greedy, 170
tsiligirides_problem_1_budget_73.txt, lazy, 220
tsiligirides_problem_1_budget_73.txt, smart, 75
tsiligirides_problem_1_budget_73.txt, wise, 80
tsiligirides_problem_1_budget_73.txt, envy, 70
tsiligirides_problem_1_budget_73.txt, random, 75
tsiligirides_problem_3_budget_080.txt, greedy, 390
tsiligirides_problem_3_budget_080.txt, lazy, 640
tsiligirides_problem_3_budget_080.txt, smart, 170
tsiligirides_problem_3_budget_080.txt, wise, 180
tsiligirides_problem_3_budget_080.txt, envy, 180
tsiligirides_problem_3_budget_080.txt, random, 310
tsiligirides_problem_3_budget_095.txt, greedy, 540
tsiligirides_problem_3_budget_095.txt, lazy, 750
tsiligirides_problem_3_budget_095.txt, smart, 220
tsiligirides_problem_3_budget_095.txt, wise, 200
tsiligirides_problem_3_budget_095.txt, envy, 220
tsiligirides_problem_3_budget_095.txt, random, 240
tsiligirides_problem_3_budget_060.txt, greedy, 410
tsiligirides_problem_3_budget_060.txt, lazy, 530
tsiligirides_problem_3_budget_060.txt, smart, 150
tsiligirides_problem_3_budget_060.txt, wise, 130
tsiligirides_problem_3_budget_060.txt, envy, 160
tsiligirides_problem_3_budget_060.txt, random, 210
set_66_1_040.txt, greedy, 225
set_66_1_040.txt, lazy, 320
set_66_1_040.txt, smart, 75
set_66_1_040.txt, wise, 180
set_66_1_040.txt, envy, 80
set_66_1_040.txt, random, 165
tsiligirides_problem_3_budget_030.txt, greedy, 240
tsiligirides_problem_3_budget_030.txt, lazy, 240
tsiligirides_problem_3_budget_030.txt, smart, 50
tsiligirides_problem_3_budget_030.txt, wise, 80
tsiligirides_problem_3_budget_030.txt, envy, 50
tsiligirides_problem_3_budget_030.txt, random, 90
tsiligirides_problem_1_budget_35.txt, greedy, 65
tsiligirides_problem_1_budget_35.txt, lazy, 85
tsiligirides_problem_1_budget_35.txt, smart, 30
tsiligirides_problem_1_budget_35.txt, wise, 70
tsiligirides_problem_1_budget_35.txt, envy, 35
tsiligirides_problem_1_budget_35.txt, random, 90
tsiligirides_problem_3_budget_020.txt, greedy, 170
tsiligirides_problem_3_budget_020.txt, lazy, 190
tsiligirides_problem_3_budget_020.txt, smart, 90
tsiligirides_problem_3_budget_020.txt, wise, 40
tsiligirides_problem_3_budget_020.txt, envy, 90
tsiligirides_problem_3_budget_020.txt, random, 90
set_66_1_025.txt, greedy, 165
set_66_1_025.txt, lazy, 145
set_66_1_025.txt, smart, 45
set_66_1_025.txt, wise, 105
set_66_1_025.txt, envy, 50
set_66_1_025.txt, random, 145
set_64_1_60.txt, greedy, 618
set_64_1_60.txt, lazy, 732
set_64_1_60.txt, smart, 108
set_64_1_60.txt, wise, 108
set_64_1_60.txt, envy, 108
set_64_1_60.txt, random, 282
set_66_1_065.txt, greedy, 335
set_66_1_065.txt, lazy, 615
set_66_1_065.txt, smart, 130
set_66_1_065.txt, wise, 200
set_66_1_065.txt, envy, 155
set_66_1_065.txt, random, 300
set_64_1_45.txt, greedy, 456
set_64_1_45.txt, lazy, 492
set_64_1_45.txt, smart, 180
set_64_1_45.txt, wise, 150
set_64_1_45.txt, envy, 180
set_64_1_45.txt, random, 300
set_64_1_75.txt, greedy, 702
set_64_1_75.txt, lazy, 1014
set_64_1_75.txt, smart, 126
set_64_1_75.txt, wise, 108
set_64_1_75.txt, envy, 144
set_64_1_75.txt, random, 492
tsiligirides_problem_1_budget_25.txt, greedy, 65
tsiligirides_problem_1_budget_25.txt, lazy, 50
tsiligirides_problem_1_budget_25.txt, smart, 25
tsiligirides_problem_1_budget_25.txt, wise, 45
tsiligirides_problem_1_budget_25.txt, envy, 25
tsiligirides_problem_1_budget_25.txt, random, 50
set_66_1_095.txt, greedy, 555
set_66_1_095.txt, lazy, 1010
set_66_1_095.txt, smart, 210
set_66_1_095.txt, wise, 355
set_66_1_095.txt, envy, 200
set_66_1_095.txt, random, 250
set_66_1_045.txt, greedy, 130
set_66_1_045.txt, lazy, 415
set_66_1_045.txt, smart, 135
set_66_1_045.txt, wise, 165
set_66_1_045.txt, envy, 80
set_66_1_045.txt, random, 200
tsiligirides_problem_3_budget_090.txt, greedy, 460
tsiligirides_problem_3_budget_090.txt, lazy, 710
tsiligirides_problem_3_budget_090.txt, smart, 180
tsiligirides_problem_3_budget_090.txt, wise, 250
tsiligirides_problem_3_budget_090.txt, envy, 200
tsiligirides_problem_3_budget_090.txt, random, 380
set_66_1_070.txt, greedy, 525
set_66_1_070.txt, lazy, 690
set_66_1_070.txt, smart, 130
set_66_1_070.txt, wise, 225
set_66_1_070.txt, envy, 155
set_66_1_070.txt, random, 440
set_64_1_40.txt, greedy, 444
set_64_1_40.txt, lazy, 396
set_64_1_40.txt, smart, 72
set_64_1_40.txt, wise, 72
set_64_1_40.txt, envy, 72
set_64_1_40.txt, random, 384
set_64_1_70.txt, greedy, 708
set_64_1_70.txt, lazy, 846
set_64_1_70.txt, smart, 192
set_64_1_70.txt, wise, 180
set_64_1_70.txt, envy, 192
set_64_1_70.txt, random, 438
set_64_1_15.txt, greedy, 84
set_64_1_15.txt, lazy, 90
set_64_1_15.txt, smart, 30
set_64_1_15.txt, wise, 30
set_64_1_15.txt, envy, 30
set_64_1_15.txt, random, 60
tsiligirides_problem_2_budget_38.txt, greedy, 305
tsiligirides_problem_2_budget_38.txt, lazy, 260
tsiligirides_problem_2_budget_38.txt, smart, 150
tsiligirides_problem_2_budget_38.txt, wise, 90
tsiligirides_problem_2_budget_38.txt, envy, 125
tsiligirides_problem_2_budget_38.txt, random, 200
tsiligirides_problem_3_budget_045.txt, greedy, 360
tsiligirides_problem_3_budget_045.txt, lazy, 370
tsiligirides_problem_3_budget_045.txt, smart, 110
tsiligirides_problem_3_budget_045.txt, wise, 110
tsiligirides_problem_3_budget_045.txt, envy, 140
tsiligirides_problem_3_budget_045.txt, random, 170
set_66_1_005.txt, greedy, 10
set_66_1_005.txt, lazy, 10
set_66_1_005.txt, smart, 10
set_66_1_005.txt, wise, 10
set_66_1_005.txt, envy, 10
set_66_1_005.txt, random, 10
tsiligirides_problem_1_budget_10.txt, greedy, 15
tsiligirides_problem_1_budget_10.txt, lazy, 15
tsiligirides_problem_1_budget_10.txt, smart, 10
tsiligirides_problem_1_budget_10.txt, wise, 10
tsiligirides_problem_1_budget_10.txt, envy, 10
tsiligirides_problem_1_budget_10.txt, random, 10
tsiligirides_problem_2_budget_23.txt, greedy, 100
tsiligirides_problem_2_budget_23.txt, lazy, 200
tsiligirides_problem_2_budget_23.txt, smart, 70
tsiligirides_problem_2_budget_23.txt, wise, 70
tsiligirides_problem_2_budget_23.txt, envy, 95
tsiligirides_problem_2_budget_23.txt, random, 95
set_64_1_35.txt, greedy, 342
set_64_1_35.txt, lazy, 348
set_64_1_35.txt, smart, 90
set_64_1_35.txt, wise, 90
set_64_1_35.txt, envy, 162
set_64_1_35.txt, random, 216
tsiligirides_problem_2_budget_20.txt, greedy, 120
tsiligirides_problem_2_budget_20.txt, lazy, 160
tsiligirides_problem_2_budget_20.txt, smart, 60
tsiligirides_problem_2_budget_20.txt, wise, 60
tsiligirides_problem_2_budget_20.txt, envy, 75
tsiligirides_problem_2_budget_20.txt, random, 135
tsiligirides_problem_1_budget_15.txt, greedy, 35
tsiligirides_problem_1_budget_15.txt, lazy, 35
tsiligirides_problem_1_budget_15.txt, smart, 15
tsiligirides_problem_1_budget_15.txt, wise, 15
tsiligirides_problem_1_budget_15.txt, envy, 15
tsiligirides_problem_1_budget_15.txt, random, 15
tsiligirides_problem_1_budget_40.txt, greedy, 105
tsiligirides_problem_1_budget_40.txt, lazy, 110
tsiligirides_problem_1_budget_40.txt, smart, 35
tsiligirides_problem_1_budget_40.txt, wise, 45
tsiligirides_problem_1_budget_40.txt, envy, 40
tsiligirides_problem_1_budget_40.txt, random, 70
tsiligirides_problem_2_budget_30.txt, greedy, 195
tsiligirides_problem_2_budget_30.txt, lazy, 230
tsiligirides_problem_2_budget_30.txt, smart, 70
tsiligirides_problem_2_budget_30.txt, wise, 70
tsiligirides_problem_2_budget_30.txt, envy, 110
tsiligirides_problem_2_budget_30.txt, random, 145
set_64_1_80.txt, greedy, 726
set_64_1_80.txt, lazy, 1110
set_64_1_80.txt, smart, 144
set_64_1_80.txt, wise, 144
set_64_1_80.txt, envy, 144
set_64_1_80.txt, random, 372
tsiligirides_problem_1_budget_30.txt, greedy, 65
tsiligirides_problem_1_budget_30.txt, lazy, 60
tsiligirides_problem_1_budget_30.txt, smart, 30
tsiligirides_problem_1_budget_30.txt, wise, 25
tsiligirides_problem_1_budget_30.txt, envy, 35
tsiligirides_problem_1_budget_30.txt, random, 50
tsiligirides_problem_3_budget_105.txt, greedy, 610
tsiligirides_problem_3_budget_105.txt, lazy, 800
tsiligirides_problem_3_budget_105.txt, smart, 250
tsiligirides_problem_3_budget_105.txt, wise, 160
tsiligirides_problem_3_budget_105.txt, envy, 260
tsiligirides_problem_3_budget_105.txt, random, 400
set_66_1_100.txt, greedy, 775
set_66_1_100.txt, lazy, 1070
set_66_1_100.txt, smart, 185
set_66_1_100.txt, wise, 275
set_66_1_100.txt, envy, 225
set_66_1_100.txt, random, 595
tsiligirides_problem_1_budget_50.txt, greedy, 115
tsiligirides_problem_1_budget_50.txt, lazy, 140
tsiligirides_problem_1_budget_50.txt, smart, 60
tsiligirides_problem_1_budget_50.txt, wise, 55
tsiligirides_problem_1_budget_50.txt, envy, 40
tsiligirides_problem_1_budget_50.txt, random, 70
tsiligirides_problem_3_budget_015.txt, greedy, 160
tsiligirides_problem_3_budget_015.txt, lazy, 160
tsiligirides_problem_3_budget_015.txt, smart, 40
tsiligirides_problem_3_budget_015.txt, wise, 40
tsiligirides_problem_3_budget_015.txt, envy, 40
tsiligirides_problem_3_budget_015.txt, random, 100
tsiligirides_problem_3_budget_050.txt, greedy, 410
tsiligirides_problem_3_budget_050.txt, lazy, 400
tsiligirides_problem_3_budget_050.txt, smart, 90
tsiligirides_problem_3_budget_050.txt, wise, 90
tsiligirides_problem_3_budget_050.txt, envy, 120
tsiligirides_problem_3_budget_050.txt, random, 220
tsiligirides_problem_3_budget_100.txt, greedy, 460
tsiligirides_problem_3_budget_100.txt, lazy, 750
tsiligirides_problem_3_budget_100.txt, smart, 210
tsiligirides_problem_3_budget_100.txt, wise, 240
tsiligirides_problem_3_budget_100.txt, envy, 220
tsiligirides_problem_3_budget_100.txt, random, 300
set_64_1_65.txt, greedy, 798
set_64_1_65.txt, lazy, 810
set_64_1_65.txt, smart, 132
set_64_1_65.txt, wise, 132
set_64_1_65.txt, envy, 132
set_64_1_65.txt, random, 300
tsiligirides_problem_1_budget_70.txt, greedy, 155
tsiligirides_problem_1_budget_70.txt, lazy, 220
tsiligirides_problem_1_budget_70.txt, smart, 70
tsiligirides_problem_1_budget_70.txt, wise, 75
tsiligirides_problem_1_budget_70.txt, envy, 60
tsiligirides_problem_1_budget_70.txt, random, 95
tsiligirides_problem_1_budget_60.txt, greedy, 125
tsiligirides_problem_1_budget_60.txt, lazy, 185
tsiligirides_problem_1_budget_60.txt, smart, 75
tsiligirides_problem_1_budget_60.txt, wise, 50
tsiligirides_problem_1_budget_60.txt, envy, 50
tsiligirides_problem_1_budget_60.txt, random, 150
set_66_1_060.txt, greedy, 355
set_66_1_060.txt, lazy, 580
set_66_1_060.txt, smart, 115
set_66_1_060.txt, wise, 165
set_66_1_060.txt, envy, 125
set_66_1_060.txt, random, 290
set_66_1_015.txt, greedy, 120
set_66_1_015.txt, lazy, 50
set_66_1_015.txt, smart, 40
set_66_1_015.txt, wise, 60
set_66_1_015.txt, envy, 35
set_66_1_015.txt, random, 90
tsiligirides_problem_1_budget_75.txt, greedy, 115
tsiligirides_problem_1_budget_75.txt, lazy, 235
tsiligirides_problem_1_budget_75.txt, smart, 80
tsiligirides_problem_1_budget_75.txt, wise, 60
tsiligirides_problem_1_budget_75.txt, envy, 60
tsiligirides_problem_1_budget_75.txt, random, 90
set_66_1_120.txt, greedy, 810
set_66_1_120.txt, lazy, 1375
set_66_1_120.txt, smart, 230
set_66_1_120.txt, wise, 345
set_66_1_120.txt, envy, 275
set_66_1_120.txt, random, 445
set_66_1_115.txt, greedy, 835
set_66_1_115.txt, lazy, 1305
set_66_1_115.txt, smart, 245
set_66_1_115.txt, wise, 315
set_66_1_115.txt, envy, 250
set_66_1_115.txt, random, 450
tsiligirides_problem_3_budget_040.txt, greedy, 280
tsiligirides_problem_3_budget_040.txt, lazy, 320
tsiligirides_problem_3_budget_040.txt, smart, 110
tsiligirides_problem_3_budget_040.txt, wise, 90
tsiligirides_problem_3_budget_040.txt, envy, 110
tsiligirides_problem_3_budget_040.txt, random, 170
tsiligirides_problem_3_budget_025.txt, greedy, 220
tsiligirides_problem_3_budget_025.txt, lazy, 200
tsiligirides_problem_3_budget_025.txt, smart, 80
tsiligirides_problem_3_budget_025.txt, wise, 100
tsiligirides_problem_3_budget_025.txt, envy, 80
tsiligirides_problem_3_budget_025.txt, random, 150
tsiligirides_problem_2_budget_45.txt, greedy, 360
tsiligirides_problem_2_budget_45.txt, lazy, 340
tsiligirides_problem_2_budget_45.txt, smart, 105
tsiligirides_problem_2_budget_45.txt, wise, 120
tsiligirides_problem_2_budget_45.txt, envy, 145
tsiligirides_problem_2_budget_45.txt, random, 230
set_64_1_55.txt, greedy, 600
set_64_1_55.txt, lazy, 666
set_64_1_55.txt, smart, 228
set_64_1_55.txt, wise, 60
set_64_1_55.txt, envy, 198
set_64_1_55.txt, random, 438
tsiligirides_problem_3_budget_110.txt, greedy, 460
tsiligirides_problem_3_budget_110.txt, lazy, 800
tsiligirides_problem_3_budget_110.txt, smart, 250
tsiligirides_problem_3_budget_110.txt, wise, 270
tsiligirides_problem_3_budget_110.txt, envy, 260
tsiligirides_problem_3_budget_110.txt, random, 340
set_66_1_130.txt, greedy, 935
set_66_1_130.txt, lazy, 1470
set_66_1_130.txt, smart, 270
set_66_1_130.txt, wise, 320
set_66_1_130.txt, envy, 275
set_66_1_130.txt, random, 495
tsiligirides_problem_2_budget_27.txt, greedy, 90
tsiligirides_problem_2_budget_27.txt, lazy, 230
tsiligirides_problem_2_budget_27.txt, smart, 95
tsiligirides_problem_2_budget_27.txt, wise, 95
tsiligirides_problem_2_budget_27.txt, envy, 95
tsiligirides_problem_2_budget_27.txt, random, 125
set_64_1_30.txt, greedy, 354
set_64_1_30.txt, lazy, 258
set_64_1_30.txt, smart, 108
set_64_1_30.txt, wise, 102
set_64_1_30.txt, envy, 102
set_64_1_30.txt, random, 156
tsiligirides_problem_1_budget_80.txt, greedy, 145
tsiligirides_problem_1_budget_80.txt, lazy, 245
tsiligirides_problem_1_budget_80.txt, smart, 75
tsiligirides_problem_1_budget_80.txt, wise, 70
tsiligirides_problem_1_budget_80.txt, envy, 60
tsiligirides_problem_1_budget_80.txt, random, 110
tsiligirides_problem_3_budget_055.txt, greedy, 390
tsiligirides_problem_3_budget_055.txt, lazy, 490
tsiligirides_problem_3_budget_055.txt, smart, 130
tsiligirides_problem_3_budget_055.txt, wise, 130
tsiligirides_problem_3_budget_055.txt, envy, 160
tsiligirides_problem_3_budget_055.txt, random, 180
tsiligirides_problem_3_budget_070.txt, greedy, 320
tsiligirides_problem_3_budget_070.txt, lazy, 580
tsiligirides_problem_3_budget_070.txt, smart, 150
tsiligirides_problem_3_budget_070.txt, wise, 160
tsiligirides_problem_3_budget_070.txt, envy, 180
tsiligirides_problem_3_budget_070.txt, random, 220
tsiligirides_problem_3_budget_035.txt, greedy, 380
tsiligirides_problem_3_budget_035.txt, lazy, 280
tsiligirides_problem_3_budget_035.txt, smart, 100
tsiligirides_problem_3_budget_035.txt, wise, 50
tsiligirides_problem_3_budget_035.txt, envy, 100
tsiligirides_problem_3_budget_035.txt, random, 130
tsiligirides_problem_1_budget_20.txt, greedy, 50
tsiligirides_problem_1_budget_20.txt, lazy, 35
tsiligirides_problem_1_budget_20.txt, smart, 20
tsiligirides_problem_1_budget_20.txt, wise, 15
tsiligirides_problem_1_budget_20.txt, envy, 20
tsiligirides_problem_1_budget_20.txt, random, 45
tsiligirides_problem_3_budget_065.txt, greedy, 410
tsiligirides_problem_3_budget_065.txt, lazy, 570
tsiligirides_problem_3_budget_065.txt, smart, 150
tsiligirides_problem_3_budget_065.txt, wise, 170
tsiligirides_problem_3_budget_065.txt, envy, 180
tsiligirides_problem_3_budget_065.txt, random, 120
set_66_1_090.txt, greedy, 730
set_66_1_090.txt, lazy, 950
set_66_1_090.txt, smart, 190
set_66_1_090.txt, wise, 320
set_66_1_090.txt, envy, 200
set_66_1_090.txt, random, 390
set_66_1_035.txt, greedy, 285
set_66_1_035.txt, lazy, 250
set_66_1_035.txt, smart, 65
set_66_1_035.txt, wise, 145
set_66_1_035.txt, envy, 65
set_66_1_035.txt, random, 145
set_66_1_080.txt, greedy, 585
set_66_1_080.txt, lazy, 795
set_66_1_080.txt, smart, 165
set_66_1_080.txt, wise, 245
set_66_1_080.txt, envy, 170
set_66_1_080.txt, random, 405
tsiligirides_problem_1_budget_85.txt, greedy, 155
tsiligirides_problem_1_budget_85.txt, lazy, 270
tsiligirides_problem_1_budget_85.txt, smart, 80
tsiligirides_problem_1_budget_85.txt, wise, 70
tsiligirides_problem_1_budget_85.txt, envy, 70
tsiligirides_problem_1_budget_85.txt, random, 125
tsiligirides_problem_3_budget_075.txt, greedy, 380
tsiligirides_problem_3_budget_075.txt, lazy, 610
tsiligirides_problem_3_budget_075.txt, smart, 160
tsiligirides_problem_3_budget_075.txt, wise, 150
tsiligirides_problem_3_budget_075.txt, envy, 180
tsiligirides_problem_3_budget_075.txt, random, 290
set_64_1_25.txt, greedy, 330
set_64_1_25.txt, lazy, 198
set_64_1_25.txt, smart, 66
set_64_1_25.txt, wise, 66
set_64_1_25.txt, envy, 66
set_64_1_25.txt, random, 120
set_66_1_030.txt, greedy, 290
set_66_1_030.txt, lazy, 200
set_66_1_030.txt, smart, 80
set_66_1_030.txt, wise, 105
set_66_1_030.txt, envy, 95
set_66_1_030.txt, random, 115
set_66_1_055.txt, greedy, 405
set_66_1_055.txt, lazy, 525
set_66_1_055.txt, smart, 100
set_66_1_055.txt, wise, 170
set_66_1_055.txt, envy, 125
set_66_1_055.txt, random, 240
set_66_1_050.txt, greedy, 395
set_66_1_050.txt, lazy, 485
set_66_1_050.txt, smart, 105
set_66_1_050.txt, wise, 170
set_66_1_050.txt, envy, 95
set_66_1_050.txt, random, 260
set_64_1_20.txt, greedy, 294
set_64_1_20.txt, lazy, 168
set_64_1_20.txt, smart, 90
set_64_1_20.txt, wise, 90
set_64_1_20.txt, envy, 90
set_64_1_20.txt, random, 102
set_64_1_50.txt, greedy, 546
set_64_1_50.txt, lazy, 588
set_64_1_50.txt, smart, 90
set_64_1_50.txt, wise, 84
set_64_1_50.txt, envy, 84
set_64_1_50.txt, random, 276
set_66_1_110.txt, greedy, 635
set_66_1_110.txt, lazy, 1235
set_66_1_110.txt, smart, 200
set_66_1_110.txt, wise, 390
set_66_1_110.txt, envy, 250
set_66_1_110.txt, random, 510
set_66_1_125.txt, greedy, 590
set_66_1_125.txt, lazy, 1410
set_66_1_125.txt, smart, 230
set_66_1_125.txt, wise, 350
set_66_1_125.txt, envy, 275
set_66_1_125.txt, random, 615
set_66_1_075.txt, greedy, 780
set_66_1_075.txt, lazy, 745
set_66_1_075.txt, smart, 150
set_66_1_075.txt, wise, 275
set_66_1_075.txt, envy, 155
set_66_1_075.txt, random, 290
set_66_1_105.txt, greedy, 670
set_66_1_105.txt, lazy, 1130
set_66_1_105.txt, smart, 200
set_66_1_105.txt, wise, 270
set_66_1_105.txt, envy, 225
set_66_1_105.txt, random, 440
set_66_1_085.txt, greedy, 645
set_66_1_085.txt, lazy, 855
set_66_1_085.txt, smart, 180
set_66_1_085.txt, wise, 195
set_66_1_085.txt, envy, 185
set_66_1_085.txt, random, 505
