problem,method,sample,score,cost,attempt_found,frequency,mean_distance_to_selected,min_distance_to_selected,route
set_64_1_35.txt,marginal_smart,1,492,34.284267,7,320,0.7708830741088806,0.5161290322580645,"0 5 8 13 18 12 17 23 16 22 29 37 30 38 31 24 25 32 40 46 52 56 60 1"
set_64_1_35.txt,marginal_smart,2,492,34.284267,15,327,0.7708830741088806,0.5161290322580645,"0 5 9 13 19 14 20 27 21 28 36 43 35 42 34 26 25 33 40 47 52 57 60 1"
set_64_1_35.txt,marginal_smart,3,486,34.284267,111,320,0.7273582442366472,0.4137931034482759,"0 5 8 13 19 26 20 27 21 28 36 35 42 34 41 33 25 32 40 46 52 56 60 1"
set_64_1_35.txt,marginal_smart,4,486,34.284267,17,284,0.7273582442366472,0.4137931034482759,"0 5 9 13 18 24 17 23 16 22 29 30 38 31 39 32 25 33 40 47 52 57 60 1"
set_64_1_35.txt,marginal_smart,5,486,34.284267,18,315,0.7157406358448453,0.4137931034482759,"0 5 8 13 18 24 17 23 16 22 29 30 38 31 39 32 25 33 40 46 52 56 60 1"
set_64_1_35.txt,marginal_smart,6,486,34.284267,69,294,0.7157406358448453,0.4137931034482759,"0 5 9 13 19 26 20 27 21 28 36 35 42 34 41 33 25 32 40 47 52 57 60 1"
set_64_1_35.txt,total_smart,1,546,33.94112,2,5026,1,1,"0 2 4 7 12 18 25 32 24 17 11 16 23 31 38 30 22 29 37 44 50 55 59 62 1"
set_64_1_35.txt,total_smart,2,546,33.94112,1,4974,1,1,"0 3 6 10 14 19 25 33 26 20 15 21 27 34 42 35 28 36 43 49 54 58 61 63 1"
set_64_1_35.txt,marginal_envy,1,510,34.284264,5,628,0.6648926654740608,0.2692307692307693,"0 5 8 13 18 24 17 23 16 22 29 37 30 38 31 39 32 25 33 40 46 52 60 1"
set_64_1_35.txt,marginal_envy,2,510,34.284264,31,620,0.6648926654740608,0.2692307692307693,"0 5 9 13 19 26 20 27 21 28 36 43 35 42 34 41 33 25 32 40 47 52 60 1"
set_64_1_35.txt,marginal_envy,3,486,34.284264,17,607,0.6590664773591601,0.3076923076923077,"0 5 8 13 19 26 20 27 21 28 36 43 35 42 34 41 25 33 40 46 52 60 1"
set_64_1_35.txt,marginal_envy,4,486,34.284264,4,606,0.6590664773591601,0.3076923076923077,"0 5 9 13 18 24 17 23 16 22 29 37 30 38 31 39 25 32 40 47 52 60 1"
set_64_1_35.txt,marginal_envy,5,486,34.284264,11,642,0.637912631205314,0.2692307692307693,"0 5 8 13 18 24 17 23 16 22 29 37 30 38 31 39 25 32 40 46 52 60 1"
set_64_1_35.txt,marginal_envy,6,486,34.284264,22,592,0.637912631205314,0.2692307692307693,"0 5 9 13 19 26 20 27 21 28 36 43 35 42 34 41 25 33 40 47 52 60 1"
set_64_1_35.txt,total_envy,1,534,34.284267,24,1303,0.7691428571428572,0.16000000000000003,"0 2 8 12 7 11 17 24 32 39 31 38 23 16 30 22 29 37 44 50 55 59 62 1"
set_64_1_35.txt,total_envy,2,534,34.284267,6,1231,0.7691428571428572,0.16000000000000003,"0 3 9 14 10 15 20 26 33 41 34 42 27 21 35 28 36 43 49 54 58 61 63 1"
set_64_1_35.txt,total_envy,3,534,34.284267,3,1217,0.7646984126984128,0.16000000000000003,"0 5 8 12 7 11 17 24 32 39 31 38 23 16 30 22 29 37 44 50 55 59 62 1"
set_64_1_35.txt,total_envy,4,534,34.284267,14,1205,0.7646984126984128,0.16000000000000003,"0 5 9 14 10 15 20 26 33 41 34 42 27 21 35 28 36 43 49 54 58 61 63 1"
set_64_1_35.txt,total_envy,5,546,34.86076,2,2583,0.8742857142857143,0.6857142857142857,"0 8 12 18 25 33 32 24 17 11 16 23 31 38 30 22 29 37 44 50 55 59 62 1"
set_64_1_35.txt,total_envy,6,546,34.86076,1,2461,0.8742857142857143,0.6857142857142857,"0 9 14 19 25 32 33 26 20 15 21 27 34 42 35 28 36 43 49 54 58 61 63 1"
set_64_1_35.txt,selected_random,1,522,33.94112,5669,2,0.9499815138237787,0.9302325581395349,"0 2 4 7 11 16 22 29 37 44 38 30 23 31 24 32 25 33 40 46 52 57 60 63 1"
set_64_1_35.txt,selected_random,2,444,34.284267,5170,1,0.9542236316654922,0.9318181818181819,"0 2 5 8 13 19 26 27 28 36 35 42 34 41 33 25 32 40 46 52 56 60 62 1"
set_64_1_35.txt,selected_random,3,510,34.627415,7156,1,0.9722997416020671,0.9534883720930233,"0 5 13 19 33 26 14 20 15 21 27 34 35 28 36 43 42 49 54 58 61 63 1"
set_64_1_35.txt,selected_random,4,510,34.284267,3142,11,0.9681724218933521,0.9318181818181819,"0 3 5 9 13 18 32 24 31 17 11 16 23 30 22 29 37 38 44 50 55 59 62 1"
set_64_1_35.txt,selected_random,5,474,34.62741,5840,1,0.9582452431289641,0.9302325581395349,"0 5 8 13 18 25 24 17 23 16 22 29 30 38 31 39 32 33 40 47 52 60 1"
set_64_1_35.txt,selected_random,6,540,34.284267,325,10,0.96826904025084,0.9534883720930233,"0 3 6 10 15 20 26 33 41 34 27 21 28 36 43 49 35 42 54 48 53 57 60 1"
set_64_1_35.txt,selected_weighted_random,1,522,33.112694,84,31,0.9727178764388068,0.9534883720930233,"0 2 4 7 11 17 24 32 39 31 23 16 22 29 37 44 30 38 45 51 56 60 63 1"
set_64_1_35.txt,selected_weighted_random,2,516,34.284267,7322,1,0.9683838383838385,0.9545454545454546,"0 5 8 13 19 14 10 15 20 26 34 27 21 35 28 36 43 42 49 54 58 61 63 1"
set_64_1_35.txt,selected_weighted_random,3,426,34.86076,9710,1,0.9543340380549683,0.9534883720930233,"0 2 5 8 13 18 24 17 23 22 30 38 31 39 33 25 32 40 47 52 57 60 62 1"
set_64_1_35.txt,selected_weighted_random,4,510,34.62741,7033,1,0.9723044397463003,0.9534883720930233,"0 5 13 18 25 32 24 31 17 11 16 23 30 22 29 37 38 44 50 55 59 60 1"
set_64_1_35.txt,selected_weighted_random,5,408,34.86076,1953,1,0.9729292929292928,0.9545454545454546,"0 3 5 9 13 19 26 27 35 42 34 41 47 39 32 25 33 40 46 52 56 60 62 1"
set_64_1_35.txt,selected_weighted_random,6,528,34.284264,721,7,0.9681818181818184,0.9545454545454546,"0 3 6 10 14 20 15 21 28 36 43 49 48 42 35 27 34 26 33 40 47 52 60 1"
set_64_1_35.txt,selected_random_random_tie,1,456,33.94112,2939,1,0.9818181818181818,0.9545454545454546,"0 3 5 8 13 18 24 17 23 16 22 30 38 31 39 32 25 33 40 47 52 56 60 63 1"
set_64_1_35.txt,selected_random_random_tie,2,516,34.032333,183,5,0.9860465116279069,0.9534883720930233,"0 2 4 7 11 16 23 17 24 32 39 31 22 29 30 37 38 44 50 55 59 62 1"
set_64_1_35.txt,selected_random_random_tie,3,522,34.284267,4930,1,0.977061310782241,0.9534883720930233,"0 5 9 6 10 15 20 26 34 27 21 28 36 35 43 49 42 48 54 58 53 57 60 1"
set_64_1_35.txt,selected_random_random_tie,4,426,34.284267,4849,1,0.977061310782241,0.9534883720930233,"0 2 5 9 13 19 25 26 20 27 28 35 42 34 41 33 32 40 46 52 57 60 62 1"
set_64_1_35.txt,selected_random_random_tie,5,504,34.62741,952,5,0.976955602536998,0.9534883720930233,"0 5 13 18 25 32 24 31 23 16 30 22 29 37 44 38 45 39 46 40 52 60 1"
set_64_1_35.txt,selected_random_random_tie,6,504,34.032333,5787,3,0.9818181818181818,0.9545454545454546,"0 3 6 10 14 20 15 21 27 34 28 35 36 43 42 49 54 48 53 58 61 63 1"
set_64_1_35.txt,random_feasible_insertion,1,348,34.84762,7241,1,1,1,"0 3 2 4 7 11 23 31 39 40 46 51 55 32 25 33 41 58 61 63 1"
set_64_1_35.txt,random_feasible_insertion,2,270,34.979927,4203,1,1,1,"0 2 3 5 8 12 17 26 33 14 6 19 25 32 39 51 59 62 1"
set_64_1_35.txt,random_feasible_insertion,3,348,34.938824,2876,1,1,1,"0 4 2 5 9 14 20 27 34 33 32 31 30 22 44 39 60 1"
set_64_1_35.txt,random_feasible_insertion,4,318,34.97992,924,1,1,1,"0 5 2 9 25 18 17 23 30 38 45 51 46 40 19 33 47 1"
set_64_1_35.txt,random_feasible_insertion,5,174,34.9983,6654,1,1,1,"0 6 3 14 8 7 24 52 51 50 40 56 1"
set_64_1_35.txt,random_feasible_insertion,6,210,34.97614,5259,1,1,1,"0 8 5 18 24 31 51 52 49 40 48 53 1"
set_66_1_035.txt,marginal_smart,1,415,34.23607,6,2515,0.9708683473389356,0.9411764705882353,"0 29 21 13 12 11 19 18 10 2 3 4 5 6 14 22 30 38 1"
set_66_1_035.txt,marginal_smart,2,415,34.23607,5,2510,0.9708683473389356,0.9411764705882353,"0 29 37 45 53 52 51 43 42 50 58 59 60 61 62 54 46 38 1"
set_66_1_035.txt,marginal_smart,3,415,34.23607,1,2588,0.9708683473389357,0.9411764705882353,"0 30 22 14 15 16 24 25 17 9 8 7 6 5 13 21 29 37 1"
set_66_1_035.txt,marginal_smart,4,415,34.23607,3,2387,0.9708683473389357,0.9411764705882353,"0 30 38 46 54 55 56 48 49 57 65 64 63 62 61 53 45 37 1"
set_66_1_035.txt,total_smart,1,405,34.23607,2,2479,0.9708683473389356,0.9411764705882353,"0 29 21 13 12 11 3 4 5 6 7 8 16 15 14 22 30 38 1"
set_66_1_035.txt,total_smart,2,405,34.23607,14,2449,0.9708683473389356,0.9411764705882353,"0 29 37 45 53 52 51 59 60 61 62 63 64 56 55 54 46 38 1"
set_66_1_035.txt,total_smart,3,405,34.23607,4,2532,0.9708683473389357,0.9411764705882353,"0 30 22 14 15 16 8 7 6 5 4 3 11 12 13 21 29 37 1"
set_66_1_035.txt,total_smart,4,405,34.23607,1,2540,0.9708683473389357,0.9411764705882353,"0 30 38 46 54 55 56 64 63 62 61 60 59 51 52 53 45 37 1"
set_66_1_035.txt,marginal_envy,1,415,34.23607,5,2559,0.9708683473389356,0.9411764705882353,"0 29 21 13 12 11 19 18 10 2 3 4 5 6 14 22 30 38 1"
set_66_1_035.txt,marginal_envy,2,415,34.23607,3,2435,0.9708683473389356,0.9411764705882353,"0 29 37 45 53 52 51 43 42 50 58 59 60 61 62 54 46 38 1"
set_66_1_035.txt,marginal_envy,3,415,34.23607,2,2567,0.9708683473389357,0.9411764705882353,"0 30 22 14 15 16 24 25 17 9 8 7 6 5 13 21 29 37 1"
set_66_1_035.txt,marginal_envy,4,415,34.23607,1,2439,0.9708683473389357,0.9411764705882353,"0 30 38 46 54 55 56 48 49 57 65 64 63 62 61 53 45 37 1"
set_66_1_035.txt,total_envy,1,425,34.967495,1,2575,1,1,"0 21 13 12 11 10 2 3 4 5 6 7 8 16 15 30 1"
set_66_1_035.txt,total_envy,2,425,34.967495,2,2544,1,1,"0 22 14 15 16 17 9 8 7 6 5 4 3 11 12 29 1"
set_66_1_035.txt,total_envy,3,425,34.96749,7,2322,1,1,"0 37 52 51 50 58 59 60 61 62 63 64 56 55 54 46 1"
set_66_1_035.txt,total_envy,4,425,34.96749,5,2559,1,1,"0 38 55 56 57 65 64 63 62 61 60 59 51 52 53 45 1"
set_66_1_035.txt,selected_random,1,425,34.967495,1371,1,1,1,"0 22 14 15 16 17 9 8 7 6 5 4 3 11 12 29 1"
set_66_1_035.txt,selected_random,2,430,34.987843,2301,2,0.9941176470588236,0.9705882352941176,"0 28 27 19 11 2 10 18 26 34 42 50 51 43 35 36 37 1"
set_66_1_035.txt,selected_random,3,410,34.577663,242,13,1,1,"0 29 21 13 12 3 4 5 6 7 8 9 16 15 14 22 30 1"
set_66_1_035.txt,selected_random,4,430,34.987843,7514,1,0.9941176470588236,0.9705882352941176,"0 30 31 32 24 16 8 17 25 33 41 49 57 56 48 40 39 1"
set_66_1_035.txt,selected_random,5,420,34.577663,2838,2,1,1,"0 37 44 52 51 50 58 59 60 61 62 63 64 55 54 46 38 1"
set_66_1_035.txt,selected_random,6,405,34.23607,1366,4,0.9882352941176471,0.9705882352941176,"0 30 38 39 47 55 56 57 65 64 63 62 61 60 52 53 45 37 1"
set_66_1_035.txt,selected_weighted_random,1,430,34.987843,1523,3,0.9941176470588236,0.9705882352941176,"0 28 27 19 11 3 10 18 26 34 42 50 51 43 35 36 37 1"
set_66_1_035.txt,selected_weighted_random,2,410,34.577663,1882,7,1,1,"0 29 21 13 12 3 4 5 6 7 8 9 16 15 14 22 30 1"
set_66_1_035.txt,selected_weighted_random,3,420,34.577663,4190,6,0.9941176470588236,0.9705882352941176,"0 30 22 14 15 8 7 6 5 4 3 2 10 11 12 20 29 1"
set_66_1_035.txt,selected_weighted_random,4,430,34.987843,5455,1,1,1,"0 31 32 24 16 9 17 25 33 41 49 57 56 48 40 39 38 1"
set_66_1_035.txt,selected_weighted_random,5,425,34.96749,3572,2,1,1,"0 37 52 51 50 58 59 60 61 62 63 64 56 55 54 46 1"
set_66_1_035.txt,selected_weighted_random,6,405,34.23607,796,15,0.9882352941176471,0.9705882352941176,"0 30 38 39 47 55 56 57 65 64 63 62 61 60 52 53 45 37 1"
set_66_1_035.txt,selected_random_random_tie,1,440,34.987843,1993,3,0.9941176470588236,0.9705882352941176,"0 28 27 19 10 18 26 34 42 50 58 59 51 43 35 36 37 1"
set_66_1_035.txt,selected_random_random_tie,2,420,34.577663,4674,4,0.9941176470588236,0.9705882352941176,"0 29 21 12 11 10 2 3 4 5 6 7 8 15 14 22 30 1"
set_66_1_035.txt,selected_random_random_tie,3,420,34.577663,982,9,0.9941176470588236,0.9705882352941176,"0 30 22 14 15 8 7 6 5 4 3 2 10 11 12 20 29 1"
set_66_1_035.txt,selected_random_random_tie,4,440,34.987843,426,2,0.9941176470588236,0.9705882352941176,"0 31 32 24 16 8 9 17 25 33 41 49 57 48 40 39 38 1"
set_66_1_035.txt,selected_random_random_tie,5,395,34.23607,4693,2,0.9882352941176471,0.9705882352941176,"0 29 37 36 44 52 51 59 60 61 62 63 64 56 55 54 46 38 1"
set_66_1_035.txt,selected_random_random_tie,6,405,34.23607,3383,3,0.9882352941176471,0.9705882352941176,"0 30 38 39 47 55 56 57 65 64 63 62 61 60 52 53 45 37 1"
set_66_1_035.txt,random_feasible_insertion,1,205,34.982952,4638,1,1,1,"0 3 2 10 35 52 42 36 1"
set_66_1_035.txt,random_feasible_insertion,2,255,34.98038,461,1,1,1,"0 2 3 11 34 26 18 10 20 29 1"
set_66_1_035.txt,random_feasible_insertion,3,205,34.92475,8899,1,1,1,"0 4 3 12 21 29 46 63 53 45 1"
set_66_1_035.txt,random_feasible_insertion,4,290,34.99507,2254,1,1,1,"0 5 6 7 8 15 23 31 39 47 63 55 38 1"
set_66_1_035.txt,random_feasible_insertion,5,265,34.963333,719,1,1,1,"0 6 5 22 33 25 17 16 15 14 1"
set_66_1_035.txt,random_feasible_insertion,6,295,34.998295,1576,1,1,1,"0 7 15 8 16 14 13 12 11 10 19 28 1"
tsiligirides_problem_2_budget_35.txt,marginal_smart,1,260,31.560425,1,10000,0,0,"0 7 12 11 6 5 4 20 3 2 8 9 10 13 14 1"
tsiligirides_problem_2_budget_35.txt,total_smart,1,260,31.560425,1,10000,0,0,"0 7 12 11 6 5 4 20 3 2 8 9 10 13 14 1"
tsiligirides_problem_2_budget_35.txt,marginal_envy,1,270,34.488834,1,10000,0,0,"0 12 11 2 3 19 18 17 8 9 10 13 14 1"
tsiligirides_problem_2_budget_35.txt,total_envy,1,260,31.560425,1,10000,0,0,"0 7 12 11 6 5 4 20 3 2 8 9 10 13 14 1"
tsiligirides_problem_2_budget_35.txt,selected_random,1,260,32.068962,4,2437,0.7849802371541502,0.7272727272727273,"0 7 6 5 4 20 3 2 8 9 12 11 10 13 14 1"
tsiligirides_problem_2_budget_35.txt,selected_random,2,260,34.967194,6,508,0.6681413679125351,0.5,"0 12 11 8 20 19 18 17 9 10 13 14 1"
tsiligirides_problem_2_budget_35.txt,selected_random,3,240,32.7409,34,766,0.6374694311536417,0.4,"0 7 12 11 9 17 19 18 8 10 13 14 1"
tsiligirides_problem_2_budget_35.txt,selected_random,4,260,33.93934,1,2478,0.6457813428401664,0.5294117647058824,"0 7 12 11 2 19 18 17 8 9 10 13 14 1"
tsiligirides_problem_2_budget_35.txt,selected_random,5,260,34.635635,25,124,0.6220801364023871,0.5,"0 12 11 2 20 19 18 17 8 10 13 14 1"
tsiligirides_problem_2_budget_35.txt,selected_random,6,250,34.582317,3,350,0.6355258467023173,0.4,"0 12 11 9 17 19 18 2 8 10 13 14 1"
tsiligirides_problem_2_budget_35.txt,selected_weighted_random,1,260,32.068962,2,2454,0.7849802371541502,0.7272727272727273,"0 7 6 5 4 20 3 2 8 9 12 11 10 13 14 1"
tsiligirides_problem_2_budget_35.txt,selected_weighted_random,2,260,34.967194,16,494,0.6681413679125351,0.5,"0 12 11 8 20 19 18 17 9 10 13 14 1"
tsiligirides_problem_2_budget_35.txt,selected_weighted_random,3,240,32.7409,28,742,0.6374694311536417,0.4,"0 7 12 11 9 17 19 18 8 10 13 14 1"
tsiligirides_problem_2_budget_35.txt,selected_weighted_random,4,260,33.93934,8,2424,0.6457813428401664,0.5294117647058824,"0 7 12 11 2 19 18 17 8 9 10 13 14 1"
tsiligirides_problem_2_budget_35.txt,selected_weighted_random,5,260,34.635635,40,127,0.6220801364023871,0.5,"0 12 11 2 20 19 18 17 8 10 13 14 1"
tsiligirides_problem_2_budget_35.txt,selected_weighted_random,6,250,34.582317,7,403,0.6355258467023173,0.4,"0 12 11 9 17 19 18 2 8 10 13 14 1"
tsiligirides_problem_2_budget_35.txt,selected_random_random_tie,1,260,32.068962,2,2519,0.7849802371541502,0.7272727272727273,"0 7 6 5 4 20 3 2 8 9 12 11 10 13 14 1"
tsiligirides_problem_2_budget_35.txt,selected_random_random_tie,2,260,34.967194,6,444,0.6681413679125351,0.5,"0 12 11 8 20 19 18 17 9 10 13 14 1"
tsiligirides_problem_2_budget_35.txt,selected_random_random_tie,3,240,32.7409,1,754,0.6374694311536417,0.4,"0 7 12 11 9 17 19 18 8 10 13 14 1"
tsiligirides_problem_2_budget_35.txt,selected_random_random_tie,4,260,33.93934,3,2376,0.6457813428401664,0.5294117647058824,"0 7 12 11 2 19 18 17 8 9 10 13 14 1"
tsiligirides_problem_2_budget_35.txt,selected_random_random_tie,5,260,34.635635,65,123,0.6220801364023871,0.5,"0 12 11 2 20 19 18 17 8 10 13 14 1"
tsiligirides_problem_2_budget_35.txt,selected_random_random_tie,6,250,34.582317,37,352,0.6355258467023173,0.4,"0 12 11 9 17 19 18 2 8 10 13 14 1"
tsiligirides_problem_2_budget_35.txt,random_feasible_insertion,1,175,34.805656,5300,1,1,1,"0 3 2 4 6 7 11 12 10 8 5 1"
tsiligirides_problem_2_budget_35.txt,random_feasible_insertion,2,205,34.588554,8627,1,1,1,"0 2 3 4 5 6 12 13 9 8 7 10 11 1"
tsiligirides_problem_2_budget_35.txt,random_feasible_insertion,3,155,34.725674,94,1,1,1,"0 4 2 5 13 14 12 7 3 6 1"
tsiligirides_problem_2_budget_35.txt,random_feasible_insertion,4,130,34.845352,6866,1,1,1,"0 5 2 6 13 20 3 7 12 1"
tsiligirides_problem_2_budget_35.txt,random_feasible_insertion,5,215,34.56123,8532,1,1,1,"0 6 2 8 17 15 9 12 14 13 11 7 1"
tsiligirides_problem_2_budget_35.txt,random_feasible_insertion,6,175,34.982643,3015,1,1,1,"0 7 2 10 12 9 16 17 14 1"
