rank,problem,mean_global_diversity,min_global_diversity,mean_local_diversity
1,set_66_1_025.txt,0.8771135114474645,0.8724874782146681,0.020993475184945768
2,set_66_1_030.txt,0.8757985675752581,0.8721415222107122,0.029355712893344457
3,set_66_1_040.txt,0.8646951202910463,0.8593406778863897,0.01865454768527233
4,set_66_1_035.txt,0.8632436912977779,0.8567854486176321,0.02981953374873282
5,set_64_1_20.txt,0.8624401713571214,0.8569897205877128,0.06353871221943978
6,set_66_1_015.txt,0.8609857752412444,0.8576794790460799,0.002327272727272727
7,set_66_1_020.txt,0.8577563942544092,0.8488827855575517,0.003044444444444445
8,set_64_1_30.txt,0.8526954955138376,0.834089165867693,0.1757707483115124
9,set_64_1_25.txt,0.8510083754706489,0.8366947487878136,0.1067722223405188
10,set_64_1_35.txt,0.8484414877555012,0.8262934229690033,0.21576445288393328
11,set_66_1_045.txt,0.848282425252675,0.8456726908484762,0.009728215401456781
12,set_64_1_40.txt,0.8459400721349214,0.820239198568273,0.24562919051983265
13,set_64_1_45.txt,0.8425508968050104,0.8192135582218726,0.27491482010356044
14,set_66_1_050.txt,0.8400518314255147,0.8378635359964771,0.010946345377250088
15,set_64_1_50.txt,0.825439099611775,0.7976865071913851,0.28104925636819783
16,set_66_1_055.txt,0.8210764073021656,0.8171113883626693,0.01310744634836665
17,set_64_1_15.txt,0.8190289098110597,0.8146565127349475,0.006426931216931217
18,set_66_1_060.txt,0.8173319628970582,0.8129200924679205,0.01289787758588068
19,set_66_1_010.txt,0.8088141474789831,0.8085200756293819,0
20,set_66_1_065.txt,0.7990352755588018,0.7943188088643289,0.008231479414778515
21,set_66_1_070.txt,0.7881379108031173,0.784004100010797,0.00802086581496081
22,set_64_1_55.txt,0.7871057753138806,0.7517805613643836,0.26970380077256206
23,tsiligirides_problem_1_budget_50.txt,0.7732476054469369,0.7716142709821704,0.008318335202236132
24,tsiligirides_problem_1_budget_55.txt,0.7703143844263768,0.7658486215212472,0.012310269417843788
25,set_66_1_075.txt,0.7686185557393918,0.7628992341998124,0.0081907251816818
26,tsiligirides_problem_1_budget_40.txt,0.7628520539852447,0.7590880820660258,0.0015214814814814813
27,tsiligirides_problem_1_budget_60.txt,0.7623708769707794,0.7619043374181406,0.024387490403316486
28,tsiligirides_problem_1_budget_35.txt,0.7614158288601126,0.7587360183251317,0.0008444444444444445
29,set_66_1_080.txt,0.7606268229463278,0.7570682521305155,0.008833571046140324
30,tsiligirides_problem_1_budget_46.txt,0.7537594291314242,0.7524129185990015,0.001484892787524366
31,set_64_1_60.txt,0.7480429516643149,0.7091291984246646,0.2542243795795896
32,tsiligirides_problem_1_budget_65.txt,0.7453321083115236,0.7417285241572205,0.029621511557703966
33,tsiligirides_problem_1_budget_30.txt,0.736196690154507,0.7312826975034546,0.0007369963369963372
34,set_66_1_085.txt,0.7336747040370035,0.7291194709196063,0.006945844444035672
35,tsiligirides_problem_1_budget_70.txt,0.7292323786704236,0.7271651722647798,0.035092058129065566
36,tsiligirides_problem_3_budget_035.txt,0.7285911993816273,0.7225958072939631,0.009516269677461628
37,set_64_1_65.txt,0.7198274525623157,0.6749209111025137,0.2544369464545378
38,set_64_1_75.txt,0.7156644649002072,0.6688728768987534,0.26147333992999494
39,set_66_1_090.txt,0.7155370644405101,0.7115452839409174,0.007449451528565601
40,tsiligirides_problem_1_budget_25.txt,0.7136224195248881,0.7096191432311217,0
41,set_64_1_80.txt,0.7126325661380939,0.6625757745291129,0.270564563552905
42,tsiligirides_problem_3_budget_030.txt,0.7125465297840302,0.7034165082817782,0.010772925205169787
43,tsiligirides_problem_1_budget_73.txt,0.7056431370027805,0.6986236925917386,0.031835941017300286
44,tsiligirides_problem_1_budget_75.txt,0.7023665818396756,0.6997221907097103,0.03202204703647818
45,set_64_1_70.txt,0.7022602983293385,0.6524236089782759,0.24563758711290798
46,tsiligirides_problem_3_budget_045.txt,0.6974386147642874,0.6937075133098546,0.01525988327230419
47,tsiligirides_problem_3_budget_095.txt,0.696922554439701,0.6917678936443755,0.038508245189449404
48,set_66_1_130.txt,0.6966819779418971,0.6723307470753651,0.11527157510740027
49,set_66_1_095.txt,0.6925251717719755,0.6878183174561644,0.007962054262422734
50,set_66_1_125.txt,0.6905219769733324,0.6693071767968599,0.10423838331216283
51,tsiligirides_problem_3_budget_090.txt,0.6883507794544528,0.6785284049635991,0.03141748199298274
52,tsiligirides_problem_3_budget_085.txt,0.6879291116906012,0.684185837035874,0.02751228873606505
53,tsiligirides_problem_1_budget_80.txt,0.6872069623639595,0.6866902666930305,0.03251180403054807
54,tsiligirides_problem_3_budget_100.txt,0.6860590373069085,0.6775324307320412,0.038059465822826856
55,tsiligirides_problem_3_budget_080.txt,0.6852097338107298,0.6820931065874458,0.025394622187978107
56,set_66_1_120.txt,0.6815008797364821,0.662656341753197,0.08857153500020155
57,tsiligirides_problem_3_budget_075.txt,0.6806828285614098,0.6752549956816954,0.019519371994338616
58,tsiligirides_problem_1_budget_20.txt,0.6786178315064264,0.6743162642048123,0
59,tsiligirides_problem_3_budget_065.txt,0.6784086572653196,0.6724751594477704,0.016816926805067786
60,tsiligirides_problem_1_budget_85.txt,0.6756399996366875,0.6717186821276451,0.033947623674750085
61,tsiligirides_problem_3_budget_050.txt,0.6728572057464345,0.6711504544474558,0.011560961488041576
62,tsiligirides_problem_3_budget_070.txt,0.6724479132439661,0.6674511598552642,0.014213108489088461
63,set_66_1_100.txt,0.6686970333403891,0.6659122929307056,0.010003325945484845
64,set_66_1_115.txt,0.6666624811529439,0.6533098601372909,0.06206760980676836
65,tsiligirides_problem_3_budget_040.txt,0.6635297354165789,0.660617398201357,0.011618043848933607
66,tsiligirides_problem_3_budget_105.txt,0.6602154036030227,0.6498806042191781,0.026374529215845
67,tsiligirides_problem_3_budget_020.txt,0.6578965209455246,0.6548129843252152,0.0007897435897435898
68,tsiligirides_problem_3_budget_015.txt,0.6568783952220122,0.6547876466700336,0.0010636363636363636
69,set_66_1_110.txt,0.6497354982021507,0.6420955129201839,0.04000801263753632
70,tsiligirides_problem_3_budget_055.txt,0.6397824039139217,0.6382994980933955,0.013976587868421953
71,tsiligirides_problem_3_budget_025.txt,0.6360833650090915,0.631907765649233,0.0044768253968253974
72,tsiligirides_problem_3_budget_110.txt,0.6342034119912583,0.6278143236469248,0.020137285636604524
73,set_66_1_105.txt,0.6323798969389843,0.6300411187237949,0.00659001025833016
74,tsiligirides_problem_3_budget_060.txt,0.6278656664831748,0.6165523468377742,0.009578106433759108
75,tsiligirides_problem_2_budget_32.txt,0.5647532831968072,0.5611273242837436,0
76,tsiligirides_problem_2_budget_38.txt,0.5461200366639075,0.541681418037031,0.000125
77,tsiligirides_problem_2_budget_40.txt,0.5356590122736042,0.5314880712444512,0.0004558823529411764
78,tsiligirides_problem_2_budget_35.txt,0.5189683676624465,0.5124188866287497,0
79,tsiligirides_problem_2_budget_30.txt,0.5033811757654766,0.49559944010256146,0
80,set_66_1_005.txt,0.5001761761761762,0.49977777777777777,0
81,tsiligirides_problem_2_budget_45.txt,0.4936041245866742,0.48246115037212256,0.0003333333333333333
82,tsiligirides_problem_1_budget_15.txt,0.4348668668668669,0.41718518518518516,0
83,tsiligirides_problem_2_budget_15.txt,0.33299361016020246,0.32933904417229987,0
84,tsiligirides_problem_2_budget_20.txt,0.3086130842377139,0.3006735292981713,0
85,tsiligirides_problem_2_budget_25.txt,0.24498275590367835,0.23510803859380297,0
86,tsiligirides_problem_2_budget_23.txt,0.23170359248105057,0.22104357134884128,0
87,tsiligirides_problem_2_budget_27.txt,0.15743225578529885,0.15378767002301297,0
88,tsiligirides_problem_1_budget_05.txt,0,0,0
89,tsiligirides_problem_1_budget_10.txt,0,0,0
