problem,method,sample,score,cost,attempt_found,route
set_64_1_45.txt,marginal_smart,1,642,44.769558,1,"0 2 5 8 13 18 12 7 11 17 23 16 22 29 37 44 30 38 50 45 39 31 24 25 32 40 47 52 56 60 1"
set_64_1_45.txt,marginal_smart,2,642,44.769558,2,"0 3 5 9 13 18 12 7 11 17 23 16 22 29 37 44 30 38 50 45 39 31 24 25 32 40 47 52 56 60 1"
set_64_1_45.txt,marginal_smart,3,636,44.76956,3,"0 2 5 9 13 19 26 20 15 27 21 28 36 43 49 35 42 54 48 34 41 33 25 32 40 46 52 57 60 63 1"
set_64_1_45.txt,marginal_smart,4,642,44.769558,4,"0 2 5 9 13 19 14 10 15 20 27 21 28 36 43 49 35 42 54 48 41 34 26 25 33 40 47 52 57 60 1"
set_64_1_45.txt,marginal_smart,5,642,44.769558,5,"0 2 5 9 13 18 12 7 11 17 23 16 22 29 37 44 30 38 50 45 39 31 24 25 32 40 47 52 56 60 1"
set_64_1_45.txt,marginal_smart,6,642,44.769558,6,"0 2 5 9 13 19 14 10 15 20 27 21 28 36 43 49 35 42 54 48 41 34 26 25 33 40 46 52 57 60 1"
set_64_1_45.txt,total_smart,1,696,44.426414,1,"0 3 6 10 14 19 25 24 32 40 33 26 20 15 21 27 34 42 35 28 36 43 49 54 48 41 47 53 58 61 63 1"
set_64_1_45.txt,total_smart,2,696,44.426414,3,"0 2 4 7 12 18 25 26 33 40 32 24 17 11 16 23 31 38 30 22 29 37 44 50 45 39 46 51 55 59 62 1"
set_64_1_45.txt,marginal_envy,1,642,44.284275,1,"0 5 13 18 24 17 11 23 16 22 29 37 44 30 38 50 45 31 39 32 25 19 26 33 40 47 52 60 1"
set_64_1_45.txt,marginal_envy,2,642,44.284275,2,"0 5 13 18 24 17 11 23 16 22 29 37 44 30 38 50 45 31 39 32 25 19 26 33 40 46 52 60 1"
set_64_1_45.txt,marginal_envy,3,642,44.284275,3,"0 5 13 19 26 20 15 27 21 28 36 43 49 35 42 54 48 34 41 33 25 18 24 32 40 46 52 60 1"
set_64_1_45.txt,marginal_envy,4,654,44.860767,5,"0 5 13 18 24 17 23 16 22 29 37 44 30 38 31 39 46 41 42 34 26 33 25 32 40 47 52 60 1"
set_64_1_45.txt,marginal_envy,5,642,44.284275,8,"0 5 13 19 26 20 15 27 21 28 36 43 49 35 42 54 48 34 41 33 25 18 24 32 40 47 52 60 1"
set_64_1_45.txt,marginal_envy,6,654,44.860767,9,"0 5 13 19 26 20 27 21 28 36 43 49 35 42 34 41 47 39 38 31 24 32 25 33 40 46 52 60 1"
set_64_1_45.txt,total_envy,1,696,44.426414,1,"0 5 8 12 18 25 19 26 33 40 32 24 17 11 16 23 31 38 30 22 29 37 44 50 45 39 46 51 55 59 62 1"
set_64_1_45.txt,total_envy,2,648,44.769558,2,"0 3 6 9 14 10 15 20 26 33 41 48 34 42 27 21 35 28 36 43 49 54 58 53 47 40 52 57 61 63 1"
set_64_1_45.txt,total_envy,3,696,44.426414,3,"0 2 8 12 18 25 19 26 33 40 32 24 17 11 16 23 31 38 30 22 29 37 44 50 45 39 46 51 55 59 62 1"
set_64_1_45.txt,total_envy,4,696,44.426414,5,"0 5 9 14 19 25 18 24 32 40 33 26 20 15 21 27 34 42 35 28 36 43 49 54 48 41 47 53 58 61 63 1"
set_64_1_45.txt,total_envy,5,648,44.769558,6,"0 2 4 8 12 7 11 17 24 32 39 45 31 38 23 16 30 22 29 37 44 50 55 51 46 40 52 56 59 62 1"
set_64_1_45.txt,total_envy,6,648,44.769558,8,"0 2 5 8 13 19 25 18 12 7 11 17 24 32 39 45 31 38 23 16 30 22 29 37 44 50 51 55 59 62 1"
set_64_1_45.txt,selected_random,1,648,44.769558,1,"0 3 5 8 13 19 26 20 15 27 21 28 36 43 49 35 42 48 34 41 33 25 18 24 32 40 46 52 56 60 1"
set_64_1_45.txt,selected_random,2,702,43.59799,2,"0 2 5 9 13 18 24 17 23 30 38 31 39 32 25 33 26 34 42 27 21 35 28 36 43 49 54 58 61 63 1"
set_64_1_45.txt,selected_random,3,690,44.769558,3,"0 5 9 13 19 26 20 27 34 41 33 25 18 24 17 23 16 22 29 37 44 30 38 31 39 32 40 47 52 60 1"
set_64_1_45.txt,selected_random,4,702,44.426414,4,"0 2 4 7 12 18 25 19 26 34 33 40 32 24 17 11 16 23 31 38 30 22 29 37 44 50 45 51 55 59 62 1"
set_64_1_45.txt,selected_random,5,696,44.769554,5,"0 3 6 10 14 20 15 21 28 36 43 49 54 48 41 42 35 27 34 26 33 25 24 31 39 32 40 47 52 60 1"
set_64_1_45.txt,selected_random,6,648,44.769558,6,"0 2 5 9 14 19 13 18 12 7 11 17 24 32 31 39 45 38 23 16 30 22 29 37 44 50 51 55 59 62 1"
set_64_1_45.txt,selected_weighted_random,1,636,43.597984,1,"0 2 4 8 13 18 12 7 11 17 24 32 39 31 23 16 22 29 37 44 30 38 50 45 51 46 52 56 60 63 1"
set_64_1_45.txt,selected_weighted_random,2,726,44.769558,2,"0 5 13 19 26 20 27 35 42 34 41 33 25 32 39 45 38 31 23 16 30 22 29 37 44 50 55 51 56 60 1"
set_64_1_45.txt,selected_weighted_random,3,720,44.426414,3,"0 3 6 10 14 19 25 24 17 23 31 39 32 40 33 26 20 15 21 27 34 42 35 28 36 43 49 54 58 61 63 1"
set_64_1_45.txt,selected_weighted_random,4,714,44.426414,4,"0 3 6 10 14 19 25 18 24 23 31 39 32 40 33 26 20 15 21 27 34 42 35 28 36 43 49 54 58 61 63 1"
set_64_1_45.txt,selected_weighted_random,5,690,44.769558,5,"0 5 8 13 18 24 23 31 39 32 25 19 26 20 15 21 27 35 28 36 43 49 42 34 41 33 40 46 52 60 1"
set_64_1_45.txt,selected_weighted_random,6,702,44.426414,6,"0 5 9 13 19 25 18 24 31 39 32 40 33 26 20 15 21 27 34 42 35 28 36 43 49 54 48 53 58 61 63 1"
set_64_1_45.txt,selected_random_random_tie,1,660,44.517624,1,"0 3 6 10 15 20 21 27 28 36 35 43 34 26 19 25 18 24 32 40 33 41 48 42 49 54 58 61 63 1"
set_64_1_45.txt,selected_random_random_tie,2,684,44.426414,2,"0 3 6 10 15 20 27 21 28 36 43 35 49 42 34 26 19 25 32 39 46 40 33 41 48 54 58 53 57 60 63 1"
set_64_1_45.txt,selected_random_random_tie,3,672,44.769558,3,"0 5 8 13 18 25 32 24 31 17 23 16 30 22 29 37 44 38 45 39 46 40 33 26 34 41 47 52 57 60 1"
set_64_1_45.txt,selected_random_random_tie,4,630,43.597984,4,"0 2 5 9 13 19 25 18 24 31 23 17 11 16 22 29 37 44 30 38 45 39 32 33 40 46 52 57 60 62 1"
set_64_1_45.txt,selected_random_random_tie,5,630,44.28427,5,"0 5 9 13 19 25 18 24 17 23 30 16 22 29 37 44 38 50 45 31 39 32 33 41 40 46 52 60 1"
set_64_1_45.txt,selected_random_random_tie,6,636,44.76956,6,"0 3 5 8 13 19 25 32 33 41 34 26 20 15 27 21 35 28 36 43 49 42 54 48 53 47 52 56 60 62 1"
set_64_1_45.txt,random_feasible_insertion,1,348,44.96133,1,"0 5 13 19 26 42 34 41 47 53 57 60 62 33 40 46 12 18 32 52 56 1"
set_64_1_45.txt,random_feasible_insertion,2,534,44.95198,2,"0 5 13 25 32 39 45 55 50 30 23 7 8 9 10 15 21 36 28 35 42 48 53 57 60 1"
set_64_1_45.txt,random_feasible_insertion,3,234,44.99646,3,"0 32 59 56 52 47 41 33 14 6 5 8 7 53 58 60 1"
set_64_1_45.txt,random_feasible_insertion,4,342,44.94819,4,"0 14 26 41 47 52 46 38 31 16 50 23 24 19 40 56 60 63 1"
set_64_1_45.txt,random_feasible_insertion,5,318,44.979923,5,"0 2 13 57 59 56 52 47 41 40 39 38 37 29 30 25 60 1"
set_64_1_45.txt,random_feasible_insertion,6,246,44.99986,6,"0 5 62 60 57 53 48 42 58 54 10 15 20 26 56 1"
set_66_1_060.txt,marginal_smart,1,815,59.749237,1,"0 37 45 53 52 51 43 35 27 19 11 12 5 4 3 2 10 18 26 34 42 50 58 59 60 61 62 54 46 38 1"
set_66_1_060.txt,marginal_smart,2,815,59.749237,2,"0 30 22 14 15 16 24 32 40 48 56 55 62 63 64 65 57 49 41 33 25 17 9 8 7 6 5 13 21 29 1"
set_66_1_060.txt,marginal_smart,3,815,59.749237,3,"0 29 21 13 12 11 19 27 35 43 51 52 61 60 59 58 50 42 34 26 18 10 2 3 4 5 6 14 22 30 1"
set_66_1_060.txt,marginal_smart,4,815,59.749237,10,"0 38 46 54 55 56 48 40 32 24 16 15 6 7 8 9 17 25 33 41 49 57 65 64 63 62 61 53 45 37 1"
set_66_1_060.txt,total_smart,1,805,59.749237,1,"0 38 46 54 55 56 48 40 32 24 16 9 17 25 33 41 49 57 65 64 63 62 61 60 59 51 52 53 45 37 1"
set_66_1_060.txt,total_smart,2,815,59.749237,2,"0 30 22 14 15 16 24 32 40 48 57 49 41 33 25 17 9 8 7 6 5 4 3 2 10 11 12 13 21 29 1"
set_66_1_060.txt,total_smart,3,805,59.749237,4,"0 38 46 54 55 56 48 40 32 24 16 8 17 25 33 41 49 57 65 64 63 62 61 60 59 51 52 53 45 37 1"
set_66_1_060.txt,total_smart,4,815,59.749237,8,"0 29 21 13 12 11 19 27 35 43 50 42 34 26 18 10 2 3 4 5 6 7 8 9 17 16 15 14 22 30 1"
set_66_1_060.txt,total_smart,5,805,59.749237,9,"0 37 45 53 52 51 43 35 27 19 11 3 10 18 26 34 42 50 58 59 60 61 62 63 64 56 55 54 46 38 1"
set_66_1_060.txt,total_smart,6,805,59.749237,10,"0 37 45 53 52 51 43 35 27 19 11 2 10 18 26 34 42 50 58 59 60 61 62 63 64 56 55 54 46 38 1"
set_66_1_060.txt,marginal_envy,1,815,59.749237,1,"0 29 21 13 12 11 19 27 35 43 51 52 61 60 59 58 50 42 34 26 18 10 2 3 4 5 6 14 22 30 1"
set_66_1_060.txt,marginal_envy,2,815,59.749237,2,"0 30 22 14 15 16 24 32 40 48 56 55 62 63 64 65 57 49 41 33 25 17 9 8 7 6 5 13 21 29 1"
set_66_1_060.txt,marginal_envy,3,815,59.749237,3,"0 37 45 53 52 51 43 35 27 19 11 12 5 4 3 2 10 18 26 34 42 50 58 59 60 61 62 54 46 38 1"
set_66_1_060.txt,marginal_envy,4,815,59.749237,4,"0 38 46 54 55 56 48 40 32 24 16 15 6 7 8 9 17 25 33 41 49 57 65 64 63 62 61 53 45 37 1"
set_66_1_060.txt,total_envy,1,815,59.749237,1,"0 38 46 55 56 48 40 32 24 16 8 9 17 25 33 41 49 57 65 64 63 62 61 60 59 51 52 53 45 37 1"
set_66_1_060.txt,total_envy,2,815,59.749237,2,"0 37 45 52 51 43 35 27 19 11 3 2 10 18 26 34 42 50 58 59 60 61 62 63 64 56 55 54 46 38 1"
set_66_1_060.txt,total_envy,3,815,59.749237,3,"0 29 21 13 12 11 19 27 35 43 51 59 58 50 42 34 26 18 10 2 3 4 5 6 7 8 16 15 22 30 1"
set_66_1_060.txt,total_envy,4,815,59.749237,8,"0 30 22 14 15 16 24 32 40 48 56 64 65 57 49 41 33 25 17 9 8 7 6 5 4 3 11 12 21 29 1"
set_66_1_060.txt,selected_random,1,815,59.064495,1,"0 29 28 27 19 11 12 13 14 15 16 24 33 25 17 9 8 7 6 5 4 3 2 10 18 26 34 35 36 37 1"
set_66_1_060.txt,selected_random,2,815,59.064495,4,"0 29 28 27 19 11 12 13 14 15 16 25 17 9 8 7 6 5 4 3 2 10 18 26 34 42 43 35 36 37 1"
set_66_1_060.txt,selected_random,3,805,59.749237,5,"0 30 22 14 15 16 24 32 40 48 56 64 57 49 41 33 25 17 9 8 7 6 5 4 3 11 12 13 21 29 1"
set_66_1_060.txt,selected_random,4,805,59.749237,6,"0 29 21 13 12 11 19 27 35 43 51 59 50 42 34 26 18 10 2 3 4 5 6 7 8 16 15 14 22 30 1"
set_66_1_060.txt,selected_random,5,815,59.749237,7,"0 30 22 14 15 16 24 32 40 48 56 55 62 63 64 65 57 49 41 33 25 17 9 8 7 6 5 13 21 29 1"
set_66_1_060.txt,selected_random,6,815,59.749237,9,"0 29 21 13 12 11 19 27 35 42 34 26 18 10 2 3 4 5 6 7 8 9 17 25 24 16 15 14 22 30 1"
set_66_1_060.txt,selected_weighted_random,1,815,59.749237,1,"0 38 46 54 55 56 48 40 32 24 16 7 8 9 17 25 33 41 49 57 65 64 63 62 61 60 52 53 45 37 1"
set_66_1_060.txt,selected_weighted_random,2,815,59.064495,2,"0 30 31 32 24 16 15 14 13 12 11 19 26 18 10 2 3 4 5 6 7 8 9 17 25 33 41 40 39 38 1"
set_66_1_060.txt,selected_weighted_random,3,815,59.749237,3,"0 29 21 13 12 11 19 27 35 43 51 52 61 60 59 58 50 42 34 26 18 10 2 3 4 5 6 14 22 30 1"
set_66_1_060.txt,selected_weighted_random,4,815,59.749237,4,"0 30 22 14 15 16 24 32 40 48 56 63 64 65 57 49 41 33 25 17 9 8 7 6 5 4 12 13 21 29 1"
set_66_1_060.txt,selected_weighted_random,5,815,59.064495,5,"0 30 31 32 24 16 15 14 13 12 11 18 10 2 3 4 5 6 7 8 9 17 25 33 41 49 48 40 39 38 1"
set_66_1_060.txt,selected_weighted_random,6,805,59.749237,6,"0 30 22 14 15 16 24 32 40 48 56 65 57 49 41 33 25 17 9 8 7 6 5 4 3 11 12 13 21 29 1"
set_66_1_060.txt,selected_random_random_tie,1,815,59.749237,1,"0 29 21 13 12 11 19 27 35 43 42 34 26 18 10 2 3 4 5 6 7 8 9 17 25 16 15 14 22 30 1"
set_66_1_060.txt,selected_random_random_tie,2,815,59.064495,2,"0 29 28 27 19 11 12 4 3 2 10 18 26 34 42 50 58 59 60 61 62 63 54 53 52 51 43 35 36 37 1"
set_66_1_060.txt,selected_random_random_tie,3,815,59.749237,3,"0 37 45 53 52 51 43 35 27 19 10 18 26 34 42 50 58 59 60 61 62 63 64 65 57 56 55 54 46 38 1"
set_66_1_060.txt,selected_random_random_tie,4,815,59.749237,4,"0 30 22 14 15 16 24 32 40 49 41 33 25 17 9 8 7 6 5 4 3 2 10 18 19 11 12 13 21 29 1"
set_66_1_060.txt,selected_random_random_tie,5,815,59.749237,5,"0 37 45 53 52 51 43 34 42 50 58 59 60 61 62 63 64 65 57 49 41 33 32 40 48 56 55 54 46 38 1"
set_66_1_060.txt,selected_random_random_tie,6,815,59.749237,6,"0 30 22 14 15 16 24 32 33 25 17 9 8 7 6 5 4 3 2 10 18 26 34 27 19 11 12 13 21 29 1"
set_66_1_060.txt,random_feasible_insertion,1,280,59.826664,1,"0 54 45 28 38 47 35 27 36 44 30 23 32 41 40 46 37 1"
set_66_1_060.txt,random_feasible_insertion,2,345,59.959183,2,"0 60 52 44 28 20 10 11 12 4 21 29 54 45 36 27 22 30 1"
set_66_1_060.txt,random_feasible_insertion,3,415,59.976505,3,"0 20 3 12 21 38 47 56 63 30 13 5 6 7 8 9 16 23 1"
set_66_1_060.txt,random_feasible_insertion,4,425,59.99818,4,"0 27 34 50 58 42 26 18 11 8 33 32 49 57 1"
set_66_1_060.txt,random_feasible_insertion,5,370,59.97336,5,"0 14 15 23 48 39 45 58 59 60 61 62 47 24 17 1"
set_66_1_060.txt,random_feasible_insertion,6,365,59.983704,6,"0 55 47 38 31 23 15 40 56 48 53 52 51 50 35 20 13 21 1"
tsiligirides_problem_2_budget_35.txt,marginal_smart,1,260,31.560425,1,"0 7 12 11 6 5 4 20 3 2 8 9 10 13 14 1"
tsiligirides_problem_2_budget_35.txt,total_smart,1,260,31.560425,1,"0 7 12 11 6 5 4 20 3 2 8 9 10 13 14 1"
tsiligirides_problem_2_budget_35.txt,marginal_envy,1,270,34.488834,1,"0 12 11 2 3 19 18 17 8 9 10 13 14 1"
tsiligirides_problem_2_budget_35.txt,total_envy,1,260,31.560425,1,"0 7 12 11 6 5 4 20 3 2 8 9 10 13 14 1"
tsiligirides_problem_2_budget_35.txt,selected_random,1,270,34.488834,1,"0 12 11 2 3 19 18 17 8 9 10 13 14 1"
tsiligirides_problem_2_budget_35.txt,selected_random,2,260,32.068962,2,"0 7 6 5 4 20 3 2 8 9 12 11 10 13 14 1"
tsiligirides_problem_2_budget_35.txt,selected_random,3,260,33.93934,3,"0 7 12 11 2 19 18 17 8 9 10 13 14 1"
tsiligirides_problem_2_budget_35.txt,selected_random,4,260,31.560425,7,"0 7 12 11 6 5 4 20 3 2 8 9 10 13 14 1"
tsiligirides_problem_2_budget_35.txt,selected_random,5,250,34.582317,11,"0 12 11 9 17 19 18 2 8 10 13 14 1"
tsiligirides_problem_2_budget_35.txt,selected_random,6,260,34.393753,20,"0 7 12 11 2 8 19 18 17 9 10 13 14 1"
tsiligirides_problem_2_budget_35.txt,selected_weighted_random,1,260,34.967194,1,"0 12 11 8 20 19 18 17 9 10 13 14 1"
tsiligirides_problem_2_budget_35.txt,selected_weighted_random,2,260,34.393753,2,"0 7 12 11 2 8 19 18 17 9 10 13 14 1"
tsiligirides_problem_2_budget_35.txt,selected_weighted_random,3,260,32.068962,3,"0 7 6 5 4 20 3 2 8 9 12 11 10 13 14 1"
tsiligirides_problem_2_budget_35.txt,selected_weighted_random,4,260,33.93934,6,"0 7 12 11 2 19 18 17 8 9 10 13 14 1"
tsiligirides_problem_2_budget_35.txt,selected_weighted_random,5,270,34.964703,7,"0 7 12 11 2 20 19 18 17 9 10 13 14 1"
tsiligirides_problem_2_budget_35.txt,selected_weighted_random,6,270,34.488834,8,"0 12 11 2 3 19 18 17 8 9 10 13 14 1"
tsiligirides_problem_2_budget_35.txt,selected_random_random_tie,1,260,33.93934,1,"0 7 12 11 2 19 18 17 8 9 10 13 14 1"
tsiligirides_problem_2_budget_35.txt,selected_random_random_tie,2,260,32.068962,2,"0 7 6 5 4 20 3 2 8 9 12 11 10 13 14 1"
tsiligirides_problem_2_budget_35.txt,selected_random_random_tie,3,260,34.393753,5,"0 7 12 11 2 8 19 18 17 9 10 13 14 1"
tsiligirides_problem_2_budget_35.txt,selected_random_random_tie,4,260,31.560425,7,"0 7 12 11 6 5 4 20 3 2 8 9 10 13 14 1"
tsiligirides_problem_2_budget_35.txt,selected_random_random_tie,5,240,32.7409,10,"0 7 12 11 9 17 19 18 8 10 13 14 1"
tsiligirides_problem_2_budget_35.txt,selected_random_random_tie,6,270,34.488834,11,"0 12 11 2 3 19 18 17 8 9 10 13 14 1"
tsiligirides_problem_2_budget_35.txt,random_feasible_insertion,1,150,34.64247,1,"0 11 10 2 6 8 20 9 13 1"
tsiligirides_problem_2_budget_35.txt,random_feasible_insertion,2,260,34.98945,2,"0 6 5 4 18 17 16 15 9 11 14 1"
tsiligirides_problem_2_budget_35.txt,random_feasible_insertion,3,245,34.7834,3,"0 12 8 17 16 15 19 18 11 13 1"
tsiligirides_problem_2_budget_35.txt,random_feasible_insertion,4,185,34.48917,4,"0 7 12 8 18 2 5 3 6 11 10 13 1"
tsiligirides_problem_2_budget_35.txt,random_feasible_insertion,5,180,34.714695,5,"0 10 9 12 13 11 16 15 14 1"
tsiligirides_problem_2_budget_35.txt,random_feasible_insertion,6,255,34.989384,6,"0 6 5 2 7 8 17 15 16 9 10 14 1"
