problem,method,sample,score,cost,route
set_64_1_45.txt,greedy,1,474,44.99442,"0 23 30 31 32 33 34 35 36 39 38 37 29 44 50 55 59 62 1"
set_64_1_45.txt,greedy,2,456,44.994423,"0 27 35 34 22 29 30 31 32 33 36 43 49 54 58 61 63 1"
set_64_1_45.txt,greedy,3,456,44.994423,"0 27 35 34 37 29 30 31 32 33 36 43 49 54 58 61 63 1"
set_64_1_45.txt,greedy,4,456,44.994423,"0 23 30 31 28 36 35 34 33 32 29 37 44 50 55 59 62 1"
set_64_1_45.txt,greedy,5,612,44.951977,"0 8 12 17 23 31 38 37 22 30 29 32 33 27 35 28 43 36 49 54 58 61 63 1"
set_64_1_45.txt,greedy,6,480,44.994423,"0 23 30 31 32 33 34 35 36 24 22 29 37 44 50 55 59 62 1"
set_64_1_45.txt,lazy,1,600,44.426414,"0 3 2 4 7 11 16 22 29 37 44 50 45 38 30 23 17 12 8 5 9 13 19 25 33 40 47 52 57 60 63 1"
set_64_1_45.txt,lazy,2,564,44.76956,"0 2 3 6 5 4 7 11 16 22 29 37 44 38 30 23 17 12 8 9 13 19 25 33 40 46 52 57 60 63 1"
set_64_1_45.txt,lazy,3,600,44.426414,"0 2 3 6 10 15 21 28 36 43 49 54 48 42 35 27 20 14 9 5 8 13 19 25 33 40 46 52 56 60 62 1"
set_64_1_45.txt,lazy,4,600,44.426414,"0 2 3 6 10 15 21 28 36 43 49 54 48 42 35 27 20 14 9 5 8 13 19 25 32 40 47 52 56 60 62 1"
set_64_1_45.txt,lazy,5,600,44.426414,"0 3 2 4 7 11 16 22 29 37 44 50 45 38 30 23 17 12 8 5 9 13 18 25 32 40 46 52 57 60 63 1"
set_64_1_45.txt,lazy,6,600,44.426414,"0 2 3 6 10 15 21 28 36 43 49 54 48 42 35 27 20 14 9 5 8 13 18 25 32 40 46 52 57 60 63 1"
set_64_1_45.txt,smart,1,642,44.769558,"0 2 5 9 13 19 14 10 15 20 27 21 28 36 43 49 35 42 54 48 41 34 26 25 33 40 47 52 56 60 1"
set_64_1_45.txt,smart,2,642,44.769558,"0 3 5 8 13 19 14 10 15 20 27 21 28 36 43 49 35 42 54 48 41 34 26 25 33 40 47 52 57 60 1"
set_64_1_45.txt,smart,3,636,44.76956,"0 2 5 9 13 18 24 17 11 23 16 22 29 37 44 30 38 50 45 31 39 32 25 33 40 47 52 56 60 63 1"
set_64_1_45.txt,smart,4,642,44.769558,"0 2 5 9 13 18 12 7 11 17 23 16 22 29 37 44 30 38 50 45 39 31 24 25 32 40 47 52 56 60 1"
set_64_1_45.txt,smart,5,636,44.76956,"0 2 5 9 13 18 24 17 11 23 16 22 29 37 44 30 38 50 45 31 39 32 25 33 40 47 52 56 60 62 1"
set_64_1_45.txt,smart,6,642,44.769558,"0 3 5 8 13 18 12 7 11 17 23 16 22 29 37 44 30 38 50 45 39 31 24 25 32 40 47 52 57 60 1"
set_64_1_45.txt,wise,1,624,43.597984,"0 2 5 8 13 18 12 7 11 17 23 16 22 29 37 44 30 38 45 39 31 24 25 32 40 46 52 56 60 63 1"
set_64_1_45.txt,wise,2,624,43.597984,"0 3 5 9 13 19 14 10 15 20 27 21 28 36 43 49 35 42 48 41 34 26 25 33 40 47 52 56 60 62 1"
set_64_1_45.txt,wise,3,636,44.76956,"0 2 5 9 13 18 24 17 11 23 16 22 29 37 44 30 38 50 45 31 39 32 25 33 40 46 52 57 60 63 1"
set_64_1_45.txt,wise,4,636,44.76956,"0 3 5 9 13 18 24 17 11 23 16 22 29 37 44 30 38 50 45 31 39 32 25 33 40 47 52 57 60 63 1"
set_64_1_45.txt,wise,5,636,44.76956,"0 3 5 8 13 19 26 20 15 27 21 28 36 43 49 35 42 54 48 34 41 33 25 32 40 46 52 56 60 63 1"
set_64_1_45.txt,wise,6,636,44.76956,"0 3 5 8 13 18 24 17 11 23 16 22 29 37 44 30 38 50 45 31 39 32 25 33 40 46 52 57 60 62 1"
set_64_1_45.txt,envy,1,624,44.86077,"0 5 8 13 18 24 17 11 23 16 22 29 37 44 30 38 50 45 31 39 33 25 32 40 46 52 56 60 1"
set_64_1_45.txt,envy,2,642,44.284275,"0 5 13 18 24 17 11 23 16 22 29 37 44 30 38 50 45 31 39 32 25 19 26 33 40 47 52 60 1"
set_64_1_45.txt,envy,3,654,44.860767,"0 5 13 18 24 17 23 16 22 29 37 44 30 38 31 39 46 41 42 34 26 33 25 32 40 47 52 60 1"
set_64_1_45.txt,envy,4,654,44.860767,"0 5 13 19 26 20 27 21 28 36 43 49 35 42 34 41 47 39 38 31 24 32 25 33 40 46 52 60 1"
set_64_1_45.txt,envy,5,642,44.284275,"0 5 13 18 24 17 11 23 16 22 29 37 44 30 38 50 45 31 39 32 25 19 26 33 40 46 52 60 1"
set_64_1_45.txt,envy,6,624,44.86077,"0 5 9 13 18 24 17 11 23 16 22 29 37 44 30 38 50 45 31 39 33 25 32 40 46 52 57 60 1"
set_66_1_060.txt,greedy,1,440,59.994843,"0 17 8 7 34 42 59 60 61 62 54 46 38 30 22 14 6 1"
set_66_1_060.txt,greedy,2,595,59.984146,"0 30 23 24 25 33 17 41 49 57 65 64 63 62 61 60 52 37 22 14 7 15 1"
set_66_1_060.txt,greedy,3,320,59.989594,"0 27 26 34 42 6 7 8 10 44 61 1"
set_66_1_060.txt,greedy,4,400,59.976776,"0 29 10 2 21 40 49 41 33 25 17 9 14 18 28 1"
set_66_1_060.txt,greedy,5,465,59.98511,"0 43 42 34 26 50 58 59 60 61 62 49 40 12 3 29 1"
set_66_1_060.txt,greedy,6,435,59.999207,"0 22 7 8 6 5 4 3 10 18 29 40 41 28 27 26 1"
set_66_1_060.txt,lazy,1,500,59.549774,"0 29 36 45 46 39 31 23 15 24 32 40 48 47 55 54 53 52 44 43 35 27 28 20 21 22 30 38 37 1"
set_66_1_060.txt,lazy,2,500,59.549774,"0 29 36 45 46 39 31 23 16 24 32 40 48 47 55 54 53 52 44 43 35 27 28 20 21 22 30 38 37 1"
set_66_1_060.txt,lazy,3,500,59.549774,"0 30 39 46 45 36 28 20 11 19 27 35 43 44 52 53 54 55 47 48 40 32 31 23 22 21 29 37 38 1"
set_66_1_060.txt,lazy,4,500,59.549774,"0 30 39 46 45 36 28 20 12 19 27 35 43 44 52 53 54 55 47 48 40 32 31 23 22 21 29 37 38 1"
set_66_1_060.txt,smart,1,815,59.749237,"0 30 22 14 15 16 24 32 40 48 56 55 62 63 64 65 57 49 41 33 25 17 9 8 7 6 5 13 21 29 1"
set_66_1_060.txt,smart,2,815,59.749237,"0 37 45 53 52 51 43 35 27 19 11 12 5 4 3 2 10 18 26 34 42 50 58 59 60 61 62 54 46 38 1"
set_66_1_060.txt,smart,3,815,59.749237,"0 29 21 13 12 11 19 27 35 43 51 52 61 60 59 58 50 42 34 26 18 10 2 3 4 5 6 14 22 30 1"
set_66_1_060.txt,smart,4,815,59.749237,"0 38 46 54 55 56 48 40 32 24 16 15 6 7 8 9 17 25 33 41 49 57 65 64 63 62 61 53 45 37 1"
set_66_1_060.txt,wise,1,815,59.064495,"0 30 31 32 24 16 15 14 13 12 11 19 26 18 10 2 3 4 5 6 7 8 9 17 25 33 41 40 39 38 1"
set_66_1_060.txt,wise,2,815,59.064495,"0 29 28 27 19 11 12 13 14 15 16 24 33 25 17 9 8 7 6 5 4 3 2 10 18 26 34 35 36 37 1"
set_66_1_060.txt,envy,1,815,59.749237,"0 38 46 54 55 56 48 40 32 24 16 15 6 7 8 9 17 25 33 41 49 57 65 64 63 62 61 53 45 37 1"
set_66_1_060.txt,envy,2,815,59.749237,"0 37 45 53 52 51 43 35 27 19 11 12 5 4 3 2 10 18 26 34 42 50 58 59 60 61 62 54 46 38 1"
set_66_1_060.txt,envy,3,815,59.749237,"0 29 21 13 12 11 19 27 35 43 51 52 61 60 59 58 50 42 34 26 18 10 2 3 4 5 6 14 22 30 1"
set_66_1_060.txt,envy,4,815,59.749237,"0 30 22 14 15 16 24 32 40 48 56 55 62 63 64 65 57 49 41 33 25 17 9 8 7 6 5 13 21 29 1"
